name,index_url,location,head_portrait,three_circlfes,number,description,popularity,fans,album,video
COCO,https://www.ugirls.fm/Models/Detail/Model-1024.html,https://img.ugirls.tv/uploads/users/header/6330f7ddc555daf9c02412263f301239_header_l.jpg,上海,88/63/90,简介：,186,6475,1,0
白一晗,https://www.ugirls.fm/Models/Detail/Model-1098.html,https://img.ugirls.tv/uploads/users/header/0923011a7addfa7e6f22753d1dcdfb94_header_l.jpg,北京,90/62/86,简介：,198,8307,1,0
M梦baby,https://www.ugirls.fm/Models/Detail/Model-1016.html,https://img.ugirls.tv/uploads/users/header/119103d7e03c0111e69d20f98e65f9eb_header_l.jpg,上海,88/60/90,简介：,210,9952,2,0
米米,https://www.ugirls.fm/Models/Detail/Model-1053.html,https://img.ugirls.tv/uploads/users/header/33337feac07cc5363a58e788a8af98c5_header_l.jpg,广州,90/63/93,简介：,150,17004,1,0
萌汉药baby,https://www.ugirls.fm/Models/Detail/Model-946.html,https://img.ugirls.tv/uploads/users/header/51f703641018dec100ea5a0e9c997084_header_l.jpg,北京,93/68/96,简介：,402,29584,2,0
Gaia,https://www.ugirls.fm/Models/Detail/Model-971.html,https://img.ugirls.tv/uploads/users/header/05fe02738a371aaca69cfa93f787d8c0_header_l.jpg,北京,86/59/86,简介：,72,5357,1,0
张馨彤,https://www.ugirls.fm/Models/Detail/Model-974.html,https://img.ugirls.tv/uploads/users/header/46265e842d70c8af5e397a71a8240ace_header_l.jpg,北京,86/65/90,简介：,108,8437,1,0
Mary,https://www.ugirls.fm/Models/Detail/Model-114.html,https://img.ugirls.tv/uploads/users/header/99cb4cfb29496c09b563168e61c49118_header_l.jpg,北京,86/64/88,简介：平面模特,678,31889,1,0
研依,https://www.ugirls.fm/Models/Detail/Model-33.html,https://img.ugirls.tv/uploads/users/header/fb4b62c2e2fb35a9d0dec34e2c784526_header_l.jpg,上海,89/62/88,简介：平面模特，嫩模,9167,102423,3,0
笑笑,https://www.ugirls.fm/Models/Detail/Model-100.html,https://img.ugirls.tv/uploads/users/header/6f9788134178a844ca3905357b27e06f_header_l.jpg,北京,98/64/94,简介：平面模特,1446,35680,1,0
黛蓓琪,https://www.ugirls.fm/Models/Detail/Model-36.html,https://img.ugirls.tv/uploads/users/header/c3a3bb8aeaeb4993330df1ff2a91f1c4_header_l.jpg,北京,90/61/92,简介：模特，艺人,7845,104436,3,1
周予然,https://www.ugirls.fm/Models/Detail/Model-463.html,https://img.ugirls.tv/uploads/users/header/7d9fc5dec22a5a6201ab32face41d410_header_l.jpg,北京,85/64/90,简介：,192,8956,1,0
叶籽亿,https://www.ugirls.fm/Models/Detail/Model-83.html,https://img.ugirls.tv/uploads/users/header/b31ceedded3f7e92a2c3168ea251d06c_header_l.jpg,北京,87/65/84,简介：平面模特,804,49953,2,0
栗子,https://www.ugirls.fm/Models/Detail/Model-871.html,https://img.ugirls.tv/uploads/users/header/6981b484e2044ff0e3c7612dcf0f7d3a_header_l.jpg,北京,90/62/88,简介：,204,14456,2,0
爱丽莎,https://www.ugirls.fm/Models/Detail/Model-459.html,https://img.ugirls.tv/uploads/users/header/b62d2a4cb56b4251f8395c9416a37773_header_l.jpg,北京,85/64/88,简介：,1242,45962,3,0
才可儿,https://www.ugirls.fm/Models/Detail/Model-388.html,https://img.ugirls.tv/uploads/users/header/7b6b4a317b30764534fdd873231e6106_header_l.jpg,北京,86/60/87,简介：平面模特,792,21653,1,0
嘉琪,https://www.ugirls.fm/Models/Detail/Model-406.html,https://img.ugirls.tv/uploads/users/header/ad6f3e3c82f3111c538a4bedc4ef486b_header_l.jpg,,88/64/89,简介：平面模特,492,6170,1,0
雯雯,https://www.ugirls.fm/Content/ListModel/Model-439.html,https://img.ugirls.tv/uploads/users/header/0e2ebdbeb78113bb0afe1d42d03e623a_header_l.jpg,北京,82/65/82,简介：平面模特 派对dj,162,340,1,0
花花,https://www.ugirls.fm/Models/Detail/Model-445.html,https://img.ugirls.tv/uploads/users/header/457c500fd19a568e8de9ef374c1f3702_header_l.jpg,北京,88/63/90,简介：平面模特,228,5949,1,0
杨晨晨,https://www.ugirls.fm/Models/Detail/Model-470.html,https://img.ugirls.tv/uploads/users/header/cd77d3328b18993f2ebda205b7e93a36_header_l.jpg,北京,88/65/89,简介：平面模特,1158,63661,3,0
Sunny,https://www.ugirls.fm/Models/Detail/Model-589.html,https://img.ugirls.tv/uploads/users/header/6769e17ab6efb374c8f40ca7cd4aff52_header_l.jpg,北京,85/61/91,简介：,780,40620,2,0
艾琳娜,https://www.ugirls.fm/Models/Detail/Model-675.html,https://img.ugirls.tv/uploads/users/header/7b28fe04f7afa48b6ea6695e33e6c5b3_header_l.jpg,北京,89/57/89,简介：平面模特,162,10238,1,0
叶子,https://www.ugirls.fm/Models/Detail/Model-750.html,https://img.ugirls.tv/uploads/users/header/17568a054d34a4ffcaa1bc16419c41b4_header_l.jpg,北京,85/62/88,简介：平面模特,318,8803,1,0
赵佳琪,https://www.ugirls.fm/Models/Detail/Model-772.html,https://img.ugirls.tv/uploads/users/header/761aec0814956283b0357ca5f842089b_header_l.jpg,北京,88/65/90,简介：平面模特,360,12619,1,0
司徒林,https://www.ugirls.fm/Models/Detail/Model-841.html,https://img.ugirls.tv/uploads/users/header/4a61a0eeb7b3ec2bf27c8f79e64ca408_header_l.jpg,,90/65/92,简介：职业模特,318,9599,1,0
佳宝,https://www.ugirls.fm/Content/ListModel/Model-832.html,https://img.ugirls.tv/uploads/users/header/6f131ce1301b8cb798812dc9e1b86784_header_l.jpg,北京,95/68/99,简介：平面模特,186,1362,1,0
若彤BOOMBOOM,https://www.ugirls.fm/Models/Detail/Model-961.html,https://img.ugirls.tv/uploads/users/header/8bd7efe596e62284b2d42cfc908de8c0_header_l.jpg,北京,87/65/90,简介：,282,9768,2,0
布莱尔昆娜,https://www.ugirls.fm/Models/Detail/Model-76.html,https://img.ugirls.tv/uploads/users/header/30556d1c1c3ad1edd5a20580bec23c4f_header_l.jpg,中国,88/67/86,简介：平面模特,780,57077,2,0
张小西Ann,https://www.ugirls.fm/Models/Detail/Model-61.html,https://img.ugirls.tv/uploads/users/header/9b2fa8318235fc4c30a28ccf16e0a5db_header_l.jpg,上海,83/65/85,简介：平面模特,3106,70479,2,0
赵伊彤,https://www.ugirls.fm/Models/Detail/Model-88.html,https://img.ugirls.tv/uploads/users/header/5d7e5b886a21cf3fb003a39d031256b8_header_l.jpg,北京,98/69/94,简介：0,5250,94108,1,0
顾欣怡,https://www.ugirls.fm/Models/Detail/Model-108.html,https://img.ugirls.tv/uploads/users/header/ad1198b0dc1936a6cc6f1c5d4395de9f_header_l.jpg,北京,92/61/92,简介：平面模特,2616,50262,3,0
齐贝贝,https://www.ugirls.fm/Models/Detail/Model-102.html,https://img.ugirls.tv/uploads/users/header/de730a5d384d90b82f7d45b286910aaa_header_l.jpg,北京,90/67/92,简介：平面模特,1488,38164,1,0
佟蔓,https://www.ugirls.fm/Models/Detail/Model-68.html,https://img.ugirls.tv/uploads/users/header/ff2c456eedf7c8ecf99184df12d615eb_header_l.jpg,北京,82/61/90,简介：平面模特,4146,14559,3,0
曲铭瑄,https://www.ugirls.fm/Models/Detail/Model-387.html,https://img.ugirls.tv/uploads/users/header/05fb93b1c3679ebdb68397b97f9351a7_header_l.jpg,北京,80/60/78,简介：,660,8542,1,0
小野猫,https://www.ugirls.fm/Models/Detail/Model-965.html,https://img.ugirls.tv/uploads/users/header/3034bdd5ee589e247b8038cecd19a623_header_l.jpg,北京,90/67/90,简介：,162,10738,1,0
陈宝拉,https://www.ugirls.fm/Models/Detail/Model-81.html,https://img.ugirls.tv/uploads/users/header/43bdc0df5e90fdcd455bcfb470d293e6_header_l.jpg,北京,92/68/93,简介：,732,56945,2,0
张美荧,https://www.ugirls.fm/Models/Detail/Model-115.html,https://img.ugirls.tv/uploads/users/header/d5b364d571a24544e03cda7789967756_header_l.jpg,北京,85/60/90,简介：平面模特,324,31952,0,0
Alin,https://www.ugirls.fm/Models/Detail/Model-98.html,https://img.ugirls.tv/uploads/users/header/223893cb4aa35cd133ce6ddc738d6ef8_header_l.jpg,北京,88/60/90,简介：平面模特,246,35345,1,0
糖果,https://www.ugirls.fm/Models/Detail/Model-826.html,https://img.ugirls.tv/uploads/users/header/30b0601fdcf25ba8cc05c28ea0ca2056_header_l.jpg,北京,88/60/90,简介：平面模特,564,16772,1,0
李丁丁,https://www.ugirls.fm/Content/ListModel/Model-94.html,https://img.ugirls.tv/uploads/users/header/34d455689e5007d3535a67b0b09677b0_header_l.jpg,北京,88/63/84,简介：平面模特,612,36968,0,1
蒋贝贝,https://www.ugirls.fm/Models/Detail/Model-601.html,https://img.ugirls.tv/uploads/users/header/ee1f426a9f889aff20bc5423457e0318_header_l.jpg,北京,88/67/80,简介：平面模特,168,640,1,0
MiuMiu,https://www.ugirls.fm/Models/Detail/Model-111.html,https://img.ugirls.tv/uploads/users/header/2c73e06c991971f5523018859f3c43c4_header_l.jpg,北京,90/67/92,简介：平面模特,948,36976,1,0
刘天天,https://www.ugirls.fm/Models/Detail/Model-823.html,https://img.ugirls.tv/uploads/users/header/a71ff656883a41054b02b50051e561e9_header_l.jpg,北京,89/68/88,简介：,390,10273,1,0
景思晴,https://www.ugirls.fm/Models/Detail/Model-819.html,https://img.ugirls.tv/uploads/users/header/3fcfe9700b157ae36cfae64dd31776c5_header_l.jpg,北京,92/65/90,简介：,324,13579,1,0
张熙儿,https://www.ugirls.fm/Models/Detail/Model-127.html,https://img.ugirls.tv/uploads/users/header/d61b080c1d86d2408793b616510ca34b_header_l.jpg,北京,88/64/86,简介：平面模特,474,24492,1,0
佳佳,https://www.ugirls.fm/Models/Detail/Model-110.html,https://img.ugirls.tv/uploads/users/header/fec288efc0bb8b4fa43f91ec0c14fec4_header_l.jpg,北京,85/65/85,简介：平面模特,816,33471,1,0
Miko兮媛,https://www.ugirls.fm/Models/Detail/Model-58.html,https://img.ugirls.tv/uploads/users/header/1907b3b410710c684e96b4420b6b72b2_header_l.jpg,北京,90/60/90,简介：平面模特,1781,80276,1,1
松果儿,https://www.ugirls.fm/Models/Detail/Model-132.html,https://img.ugirls.tv/uploads/users/header/f3960b08e652b71460c94b0b0b324333_header_l.jpg,,91/61/88,简介：平面模特,1518,26106,1,1
纯小希,https://www.ugirls.fm/Models/Detail/Model-6.html,https://img.ugirls.tv/uploads/users/header/3ce54dd8abeb5d3eb2f748bfb15e50ee_header_l.jpg,北京,85/59/86,简介：嫩模，平面模特,6596,130605,2,4
梓安,https://www.ugirls.fm/Models/Detail/Model-149.html,https://img.ugirls.tv/uploads/users/header/4b44e07935b3d3da87a60af1f2855905_header_l.jpg,北京,86/66/92,简介：平面模特,906,14061,1,0
小欧,https://www.ugirls.fm/Models/Detail/Model-128.html,https://img.ugirls.tv/uploads/users/header/3bdbc2becd9da26444f6262e202f5cbd_header_l.jpg,北京,82/61/90,简介：平面模特,936,30048,2,0
K8傲娇萌萌,https://www.ugirls.fm/Models/Detail/Model-490.html,https://img.ugirls.tv/uploads/users/header/209f7d76603689fc854b5e2d7126dcda_header_l.jpg,北京,82/60/85,简介：平面模特,564,27682,1,0
陈雅漫,https://www.ugirls.fm/Models/Detail/Model-151.html,https://img.ugirls.tv/uploads/users/header/fbc424a6c3ce27cfa6a6931f42de8d16_header_l.jpg,北京,85/61/86,简介：平面模特,762,14620,1,1
慕羽茜,https://www.ugirls.fm/Models/Detail/Model-96.html,https://img.ugirls.tv/uploads/users/header/4d34fafc292ff6b154ebb34b75334de3_header_l.jpg,北京,88 59 89,简介：平面模特,2370,30704,3,0
Elsa,https://www.ugirls.fm/Models/Detail/Model-527.html,https://img.ugirls.tv/uploads/users/header/7d28ce703c8f8d34487476a5d2367f23_header_l.jpg,北京,88/66/85,简介：,390,41940,1,0
金baby,https://www.ugirls.fm/Models/Detail/Model-554.html,https://img.ugirls.tv/uploads/users/header/48019a6213469053ac6f36d28c2b2037_header_l.jpg,北京,85/65/90,简介：,672,46281,1,0
张馥棋,https://www.ugirls.fm/Models/Detail/Model-543.html,https://img.ugirls.tv/uploads/users/header/f8006e775ab3f3b1aa360ea0f00a8788_header_l.jpg,上海,90/62/86,简介：,180,19954,1,0
艾霓莎,https://www.ugirls.fm/Models/Detail/Model-504.html,https://img.ugirls.tv/uploads/users/header/3b30cf572b59bcb3a117d38269dac54a_header_l.jpg,北京,90/67/89,简介：,432,33039,1,0
龙儿,https://www.ugirls.fm/Models/Detail/Model-336.html,https://img.ugirls.tv/uploads/users/header/e2bb633a06982c0490e48d059c5b5126_header_l.jpg,北京,88/60/98,简介：,240,18792,1,0
Lucy,https://www.ugirls.fm/Models/Detail/Model-494.html,https://img.ugirls.tv/uploads/users/header/3e2e0be495ca586dc681984b73a7beaf_header_l.jpg,北京,90/63/89,简介：,228,16790,1,0
尤菲儿,https://www.ugirls.fm/Models/Detail/Model-670.html,https://img.ugirls.tv/uploads/users/header/437770e4364f317cf5139ed7f9ea9c4b_header_l.jpg,上海,88/62/90,简介：,450,13860,3,0
球球,https://www.ugirls.fm/Models/Detail/Model-403.html,https://img.ugirls.tv/uploads/users/header/9441d983c874423fa732577ff5d4cc44_header_l.jpg,北京,88/62/90,简介：,324,41617,2,0
韩安琪,https://www.ugirls.fm/Models/Detail/Model-991.html,https://img.ugirls.tv/uploads/users/header/746e2e6b1a03cf1fd78cb077441255fe_header_l.jpg,北京,100/65/90,简介：,372,18597,1,0
王翊涵,https://www.ugirls.fm/Models/Detail/Model-999.html,https://img.ugirls.tv/uploads/users/header/eafd0e4e1fa2379ef205fd8eed95cc24_header_l.jpg,北京,93/65/92,简介：,78,5007,1,0
奶茶Emily,https://www.ugirls.fm/Models/Detail/Model-1081.html,https://img.ugirls.tv/uploads/users/header/35273420edb8182e22de4bfbdf1a6af1_header_l.jpg,上海,88/63/89,简介：,252,13082,1,0
Wendy,https://www.ugirls.fm/Models/Detail/Model-1026.html,https://img.ugirls.tv/uploads/users/header/c4f11609a7049a67f25d7ccad039c19e_header_l.jpg,上海,90/65/88,简介：,72,5296,1,0
泡芙少女,https://www.ugirls.fm/Models/Detail/Model-1049.html,https://img.ugirls.tv/uploads/users/header/8f2ebedaab8ed7bd6b5f746fff5d43f7_header_l.jpg,广州,82/63/85,简介：,162,6583,1,0
白小白,https://www.ugirls.fm/Models/Detail/Model-1013.html,https://img.ugirls.tv/uploads/users/header/cb9469f50d8806dd7f69b41a0a5514f5_header_l.jpg,北京,90/67/92,简介：,120,9083,1,0
苏小曼,https://www.ugirls.fm/Models/Detail/Model-399.html,https://img.ugirls.tv/uploads/users/header/13c6f07c2afc662ba158c4903c0fe8b6_header_l.jpg,北京,85/60/85,简介：平面模特,2220,98636,5,0
果冻,https://www.ugirls.fm/Models/Detail/Model-968.html,https://img.ugirls.tv/uploads/users/header/ec7ad2f04368665d5b4ab5025cc34908_header_l.jpg,北京,90/70/92,简介：,168,4386,2,0
欣蕾,https://www.ugirls.fm/Models/Detail/Model-488.html,https://img.ugirls.tv/uploads/users/header/1bf478fa3e4db2866bba15232f87b0ec_header_l.jpg,北京,86/64/90,简介：,846,22237,1,0
欣怡,https://www.ugirls.fm/Models/Detail/Model-1089.html,https://img.ugirls.tv/uploads/users/header/26404237b99bee1169849cf9f988d5c1_header_l.jpg,北京,86/67/89,简介：,96,5828,1,0
夏瑶,https://www.ugirls.fm/Models/Detail/Model-1062.html,https://img.ugirls.tv/uploads/users/header/761b7a0d2fdd7bb4e92db894913f1d50_header_l.jpg,北京,90/65/91,简介：,138,6628,1,0
文文,https://www.ugirls.fm/Models/Detail/Model-409.html,https://img.ugirls.tv/uploads/users/header/5066871ae5517dd8035e6313c3d3d23f_header_l.jpg,北京,85/64/90,简介：平面模特,744,10882,1,0
Shirley,https://www.ugirls.fm/Models/Detail/Model-491.html,https://img.ugirls.tv/uploads/users/header/f238ca5e399cb10ca4d3b48cb65f97c4_header_l.jpg,北京,85/63/88,简介：,1098,54900,3,0
莉恩,https://www.ugirls.fm/Models/Detail/Model-397.html,https://img.ugirls.tv/uploads/users/header/3691c6d1f8ed62bed1bb3f7256f4a6cc_header_l.jpg,北京,90/65/89,简介：平面模特,1128,41280,2,0
溪甜,https://www.ugirls.fm/Models/Detail/Model-355.html,https://img.ugirls.tv/uploads/users/header/478b89b9d56ae6e01e7f18c7cd618dbc_header_l.jpg,北京,86/64/88,简介：平面模特,660,17399,1,0
靳宝,https://www.ugirls.fm/Models/Detail/Model-113.html,https://img.ugirls.tv/uploads/users/header/bb19aa9ca8751c3217ceee920a23c025_header_l.jpg,北京,88/60/90,简介：平面模特,744,9503,1,0
Aleo,https://www.ugirls.fm/Models/Detail/Model-771.html,https://img.ugirls.tv/uploads/users/header/d7f7fe147ceac16bfe5d83a825893a84_header_l.jpg,北京,90/67/92,简介：,492,16121,2,0
Nicole,https://www.ugirls.fm/Models/Detail/Model-1057.html,https://img.ugirls.tv/uploads/users/header/a3d6ab8ddf8df49e9cabb0ce749b1a44_header_l.jpg,上海,90/67/92,简介：,258,7194,1,0
黛熙儿,https://www.ugirls.fm/Models/Detail/Model-335.html,https://img.ugirls.tv/uploads/users/header/c4bb923ae97624b47dd1bf86b0d64ae3_header_l.jpg,北京,87/65/88,简介：,690,17924,0,1
momo,https://www.ugirls.fm/Models/Detail/Model-190.html,https://img.ugirls.tv/uploads/users/header/dc91eeccf5d4c7c8242aff7e73ef8b91_header_l.jpg,北京,80/65/82,简介：平面模特,240,9113,1,0
金子熙,https://www.ugirls.fm/Models/Detail/Model-36.html,https://img.ugirls.tv/uploads/users/header/c3a3bb8aeaeb4993330df1ff2a91f1c4_header_l.jpg,北京,86/62/90,简介：模特，艺人,7845,104436,3,1
Lanvinia,https://www.ugirls.fm/Models/Detail/Model-528.html,https://img.ugirls.tv/uploads/users/header/98424fe7d9fdbfb7835223ddbc5fb637_header_l.jpg,北京,84/58/82,简介：,276,8956,1,0
coco,https://www.ugirls.fm/Models/Detail/Model-105.html,https://img.ugirls.tv/uploads/users/header/ed7ceba6ec7c2dc173a4a525d97c80ee_header_l.jpg,北京,80/60/92,简介：平面模特,936,34576,0,1
涉谷由里,https://www.ugirls.fm/Models/Detail/Model-1031.html,https://img.ugirls.tv/uploads/users/header/bbba1ddeb50a50416d1a2831910173ad_header_l.jpg,上海,92/59/88,简介：,144,6694,1,0
Vicky,https://www.ugirls.fm/Models/Detail/Model-1025.html,https://img.ugirls.tv/uploads/users/header/ac3d50307dd7fc1b0fc8bee5e0d78adc_header_l.jpg,上海,85/65/85,简介：,120,5919,1,0
尹凌儿,https://www.ugirls.fm/Models/Detail/Model-386.html,https://img.ugirls.tv/uploads/users/header/cef2eb46e445add90e6af8abee78f336_header_l.jpg,北京,92/65/95,简介：,144,5613,1,0
刘嘉琦,https://www.ugirls.fm/Models/Detail/Model-54.html,https://img.ugirls.tv/uploads/users/header/e4ffa8e0ef5f8315e162528b76125f1e_header_l.jpg,中国,90 60 89,简介：平面模特,1751,2696,3,0
韩雨菲,https://www.ugirls.fm/Models/Detail/Model-69.html,https://img.ugirls.tv/uploads/users/header/ae36c18d02d307fa3de5b7974f799afe_header_l.jpg,北京,86，61，96,简介：平面模特,744,60483,2,0
白熙萌,https://www.ugirls.fm/Models/Detail/Model-577.html,https://img.ugirls.tv/uploads/users/header/693ea67f748fc1b3f3017ab81a8b575b_header_l.jpg,北京,88/65/85,简介：,516,21510,2,0
阿依努尔瓦娅,https://www.ugirls.fm/Models/Detail/Model-312.html,https://img.ugirls.tv/uploads/users/header/370368df6a72b163027547f8453a1a26_header_l.jpg,中国,88/66/88,简介：,864,25509,2,0
Tina,https://www.ugirls.fm/Models/Detail/Model-678.html,https://img.ugirls.tv/uploads/users/header/ddc029b06a12b051dbcbcca5ef1b8763_header_l.jpg,北京,85/61/86,简介：,528,27635,2,0
香川颖,https://www.ugirls.fm/Content/ListModel/Model-419.html,https://img.ugirls.tv/uploads/users/header/91a85b836a3b0b74fa4a9192d59e6697_header_l.jpg,,85/65/86,简介：平面模特,198,251,1,0
含含,https://www.ugirls.fm/Models/Detail/Model-498.html,https://img.ugirls.tv/uploads/users/header/a3857c3d9af0e75d1844f2cca7f5db84_header_l.jpg,吉林,82/60/80,简介：,378,11650,1,0
